{"nodes":{"node:0":{"location":{"x":51,"y":60}},"node:3":{"location":{"x":109,"y":220}},"node:6":{"location":{"x":397,"y":76}}},"selection":null,"view":{"scroll":{"x":-21.275665283203125,"y":-115.396072387695312},"visible_rect":{"max":{"x":719.724365234375,"y":430.60394287109375},"min":{"x":-21.275665283203125,"y":-115.396072387695312}},"zoom":1}}